r_1,q_1,x_1,r_2,q_2,x_2,T,gamma_1,gamma_2
0.92,1.4,0.0,2.5755,2.588,1.0,305,2.69012,1.0
0.92,1.4,0.2,2.5755,2.588,0.8,305,1.98665,1.03042
0.92,1.4,0.4,2.5755,2.588,0.6,305,1.64071,1.11962
0.92,1.4,0.6,2.5755,2.588,0.4,305,1.35956,1.35896
0.92,1.4,0.8,2.5755,2.588,0.2,305,1.12435,2.16471
0.92,1.4,1.0,2.5755,2.588,0.0,305,1.0,7.52547
0.92,1.4,0.0,2.5755,2.588,1.0,310,2.7079,1.0
0.92,1.4,0.2,2.5755,2.588,0.8,310,1.99412,1.0309
0.92,1.4,0.4,2.5755,2.588,0.6,310,1.64105,1.1218
0.92,1.4,0.6,2.5755,2.588,0.4,310,1.35799,1.36333
0.92,1.4,0.8,2.5755,2.588,0.2,310,1.12336,2.16966
0.92,1.4,1.0,2.5755,2.588,0.0,310,1.0,7.45659
0.92,1.4,0.0,2.5755,2.588,1.0,315,2.72398,1.0
0.92,1.4,0.2,2.5755,2.588,0.8,315,2.00102,1.03133
0.92,1.4,0.4,2.5755,2.588,0.6,315,1.64129,1.12382
0.92,1.4,0.6,2.5755,2.588,0.4,315,1.35645,1.36742
0.92,1.4,0.8,2.5755,2.588,0.2,315,1.1224,2.17414
0.92,1.4,1.0,2.5755,2.588,0.0,315,1.0,7.39004
2.5755,2.588,0.0,0.92,1.4,1.0,305,7.52547,1.0
2.5755,2.588,0.2,0.92,1.4,0.8,305,2.16471,1.12435
2.5755,2.588,0.4,0.92,1.4,0.6,305,1.35896,1.35956
2.5755,2.588,0.6,0.92,1.4,0.4,305,1.11962,1.64071
2.5755,2.588,0.8,0.92,1.4,0.2,305,1.03042,1.98665
2.5755,2.588,1.0,0.92,1.4,0.0,305,1.0,2.69012
2.5755,2.588,0.0,0.92,1.4,1.0,310,7.45659,1.0
2.5755,2.588,0.2,0.92,1.4,0.8,310,2.16966,1.12336
2.5755,2.588,0.4,0.92,1.4,0.6,310,1.36333,1.35799
2.5755,2.588,0.6,0.92,1.4,0.4,310,1.1218,1.64105
2.5755,2.588,0.8,0.92,1.4,0.2,310,1.0309,1.99412
2.5755,2.588,1.0,0.92,1.4,0.0,310,1.0,2.7079
2.5755,2.588,0.0,0.92,1.4,1.0,315,7.39004,1.0
2.5755,2.588,0.2,0.92,1.4,0.8,315,2.17414,1.1224
2.5755,2.588,0.4,0.92,1.4,0.6,315,1.36742,1.35645
2.5755,2.588,0.6,0.92,1.4,0.4,315,1.12382,1.64129
2.5755,2.588,0.8,0.92,1.4,0.2,315,1.03133,2.00102
2.5755,2.588,1.0,0.92,1.4,0.0,315,1.0,2.72398
1.4311,1.432,0.0,2.8042,2.576,1.0,305,2.98166,1.0
1.4311,1.432,0.2,2.8042,2.576,0.8,305,1.91959,1.04895
1.4311,1.432,0.4,2.8042,2.576,0.6,305,1.4132,1.19485
1.4311,1.432,0.6,2.8042,2.576,0.4,305,1.15694,1.45793
1.4311,1.432,0.8,2.8042,2.576,0.2,305,1.03515,1.88701
1.4311,1.432,1.0,2.8042,2.576,0.0,305,1.0,2.56182
1.4311,1.432,0.0,2.8042,2.576,1.0,310,2.93017,1.0
1.4311,1.432,0.2,2.8042,2.576,0.8,310,1.90523,1.0479
1.4311,1.432,0.4,2.8042,2.576,0.6,310,1.40944,1.19126
1.4311,1.432,0.6,2.8042,2.576,0.4,310,1.15623,1.45069
1.4311,1.432,0.8,2.8042,2.576,0.2,310,1.03512,1.87528
1.4311,1.432,1.0,2.8042,2.576,0.0,310,1.0,2.54612
1.4311,1.432,0.0,2.8042,2.576,1.0,315,2.88101,1.0
1.4311,1.432,0.2,2.8042,2.576,0.8,315,1.89121,1.04688
1.4311,1.432,0.4,2.8042,2.576,0.6,315,1.40569,1.18778
1.4311,1.432,0.6,2.8042,2.576,0.4,315,1.1555,1.44363
1.4311,1.432,0.8,2.8042,2.576,0.2,315,1.03509,1.86375
1.4311,1.432,1.0,2.8042,2.576,0.0,315,1.0,2.53051
2.8042,2.576,0.0,1.4311,1.432,1.0,305,2.56182,1.0
2.8042,2.576,0.2,1.4311,1.432,0.8,305,1.88701,1.03515
2.8042,2.576,0.4,1.4311,1.432,0.6,305,1.45793,1.15694
2.8042,2.576,0.6,1.4311,1.432,0.4,305,1.19485,1.4132
2.8042,2.576,0.8,1.4311,1.432,0.2,305,1.04895,1.91959
2.8042,2.576,1.0,1.4311,1.432,0.0,305,1.0,2.98166
2.8042,2.576,0.0,1.4311,1.432,1.0,310,2.54612,1.0
2.8042,2.576,0.2,1.4311,1.432,0.8,310,1.87528,1.03512
2.8042,2.576,0.4,1.4311,1.432,0.6,310,1.45069,1.15623
2.8042,2.576,0.6,1.4311,1.432,0.4,310,1.19126,1.40944
2.8042,2.576,0.8,1.4311,1.432,0.2,310,1.0479,1.90523
2.8042,2.576,1.0,1.4311,1.432,0.0,310,1.0,2.93017
2.8042,2.576,0.0,1.4311,1.432,1.0,315,2.53051,1.0
2.8042,2.576,0.2,1.4311,1.432,0.8,315,1.86375,1.03509
2.8042,2.576,0.4,1.4311,1.432,0.6,315,1.44363,1.1555
2.8042,2.576,0.6,1.4311,1.432,0.4,315,1.18778,1.40569
2.8042,2.576,0.8,1.4311,1.432,0.2,315,1.04688,1.89121
2.8042,2.576,1.0,1.4311,1.432,0.0,315,1.0,2.88101
3.1878,2.4,0.0,3.9228,2.968,1.0,305,0.961696,1.0
3.1878,2.4,0.2,3.9228,2.968,0.8,305,0.973487,0.99862
3.1878,2.4,0.4,3.9228,2.968,0.6,305,0.983835,0.994065
3.1878,2.4,0.6,3.9228,2.968,0.4,305,0.992197,0.985621
3.1878,2.4,0.8,3.9228,2.968,0.2,305,0.997879,0.97245
3.1878,2.4,1.0,3.9228,2.968,0.0,305,1.0,0.953608
3.1878,2.4,0.0,3.9228,2.968,1.0,310,0.962692,1.0
3.1878,2.4,0.2,3.9228,2.968,0.8,310,0.97421,0.998654
3.1878,2.4,0.4,3.9228,2.968,0.6,310,0.984298,0.994215
3.1878,2.4,0.6,3.9228,2.968,0.4,310,0.992433,0.986003
3.1878,2.4,0.8,3.9228,2.968,0.2,310,0.997946,0.973219
3.1878,2.4,1.0,3.9228,2.968,0.0,310,1.0,0.954966
3.1878,2.4,0.0,3.9228,2.968,1.0,315,0.963631,1.0
3.1878,2.4,0.2,3.9228,2.968,0.8,315,0.974891,0.998685
3.1878,2.4,0.4,3.9228,2.968,0.6,315,0.984733,0.994358
3.1878,2.4,0.6,3.9228,2.968,0.4,315,0.992654,0.986364
3.1878,2.4,0.8,3.9228,2.968,0.2,315,0.998009,0.973942
3.1878,2.4,1.0,3.9228,2.968,0.0,315,1.0,0.956242
3.9228,2.968,0.0,3.1878,2.4,1.0,305,0.953608,1.0
3.9228,2.968,0.2,3.1878,2.4,0.8,305,0.97245,0.997879
3.9228,2.968,0.4,3.1878,2.4,0.6,305,0.985621,0.992197
3.9228,2.968,0.6,3.1878,2.4,0.4,305,0.994065,0.983835
3.9228,2.968,0.8,3.1878,2.4,0.2,305,0.99862,0.973487
3.9228,2.968,1.0,3.1878,2.4,0.0,305,1.0,0.961696
3.9228,2.968,0.0,3.1878,2.4,1.0,310,0.954966,1.0
3.9228,2.968,0.2,3.1878,2.4,0.8,310,0.973219,0.997946
3.9228,2.968,0.4,3.1878,2.4,0.6,310,0.986003,0.992433
3.9228,2.968,0.6,3.1878,2.4,0.4,310,0.994215,0.984298
3.9228,2.968,0.8,3.1878,2.4,0.2,310,0.998654,0.97421
3.9228,2.968,1.0,3.1878,2.4,0.0,310,1.0,0.962692
3.9228,2.968,0.0,3.1878,2.4,1.0,315,0.956242,1.0
3.9228,2.968,0.2,3.1878,2.4,0.8,315,0.973942,0.998009
3.9228,2.968,0.4,3.1878,2.4,0.6,315,0.986364,0.992654
3.9228,2.968,0.6,3.1878,2.4,0.4,315,0.994358,0.984733
3.9228,2.968,0.8,3.1878,2.4,0.2,315,0.998685,0.974891
3.9228,2.968,1.0,3.1878,2.4,0.0,315,1.0,0.963631
4.4998,3.856,0.0,2.5755,2.588,1.0,305,7.6333,1.0
4.4998,3.856,0.2,2.5755,2.588,0.8,305,3.85989,1.07724
4.4998,3.856,0.4,2.5755,2.588,0.6,305,2.32881,1.33786
4.4998,3.856,0.6,2.5755,2.588,0.4,305,1.11247,5.28551
4.4998,3.856,0.8,2.5755,2.588,0.2,305,1.11242,5.28688
4.4998,3.856,1.0,2.5755,2.588,0.0,305,1.0,25.3703
4.4998,3.856,0.0,2.5755,2.588,1.0,310,7.54864,1.0
4.4998,3.856,0.2,2.5755,2.588,0.8,310,3.8263,1.07696
4.4998,3.856,0.4,2.5755,2.588,0.6,310,2.31236,1.33657
4.4998,3.856,0.6,2.5755,2.588,0.4,310,1.13497,4.63939
4.4998,3.856,0.8,2.5755,2.588,0.2,310,1.13491,4.64062
4.4998,3.856,1.0,2.5755,2.588,0.0,310,1.0,23.8488
4.4998,3.856,0.0,2.5755,2.588,1.0,315,7.46471,1.0
4.4998,3.856,0.2,2.5755,2.588,0.8,315,3.79283,1.07669
4.4998,3.856,0.4,2.5755,2.588,0.6,315,2.29596,1.33527
4.4998,3.856,0.6,2.5755,2.588,0.4,315,1.16474,4.03761
4.4998,3.856,0.8,2.5755,2.588,0.2,315,1.16467,4.0386
4.4998,3.856,1.0,2.5755,2.588,0.0,315,1.0,22.465
2.5755,2.588,0.0,4.4998,3.856,1.0,305,25.3703,1.0
2.5755,2.588,0.2,4.4998,3.856,0.8,305,5.28688,1.11242
2.5755,2.588,0.4,4.4998,3.856,0.6,305,5.28551,1.11247
2.5755,2.588,0.6,4.4998,3.856,0.4,305,1.33786,2.32881
2.5755,2.588,0.8,4.4998,3.856,0.2,305,1.07724,3.85989
2.5755,2.588,1.0,4.4998,3.856,0.0,305,1.0,7.6333
2.5755,2.588,0.0,4.4998,3.856,1.0,310,23.8488,1.0
2.5755,2.588,0.2,4.4998,3.856,0.8,310,4.64062,1.13491
2.5755,2.588,0.4,4.4998,3.856,0.6,310,4.63939,1.13497
2.5755,2.588,0.6,4.4998,3.856,0.4,310,1.33657,2.31236
2.5755,2.588,0.8,4.4998,3.856,0.2,310,1.07696,3.8263
2.5755,2.588,1.0,4.4998,3.856,0.0,310,1.0,7.54864
2.5755,2.588,0.0,4.4998,3.856,1.0,315,22.465,1.0
2.5755,2.588,0.2,4.4998,3.856,0.8,315,4.0386,1.16467
2.5755,2.588,0.4,4.4998,3.856,0.6,315,4.03761,1.16474
2.5755,2.588,0.6,4.4998,3.856,0.4,315,1.33527,2.29596
2.5755,2.588,0.8,4.4998,3.856,0.2,315,1.07669,3.79283
2.5755,2.588,1.0,4.4998,3.856,0.0,315,1.0,7.46471
