r_1,q_1,x_1,r_2,q_2,x_2,MM,lnPvap,Method,substance_1,substance_2,FP
10.6006,8.836,1.0,0.0,0.0,0.0,228.37,-1.45,0,ethyl laurate,,402.3
2.5755,2.588,0.005,5.8486,4.936,0.995,113.86,7.575678,1,ethanol,octane,286.15
2.5755,2.588,0.01,5.8486,4.936,0.99,113.49,7.593094,1,ethanol,octane,283.45
2.5755,2.588,0.02,5.8486,4.936,0.98,112.75,7.627042,1,ethanol,octane,281.95
2.5755,2.588,0.03,5.8486,4.936,0.97,112.0,7.659875,1,ethanol,octane,280.75
2.5755,2.588,0.04,5.8486,4.936,0.96,111.26,7.691664,1,ethanol,octane,279.65
2.5755,2.588,0.05,5.8486,4.936,0.95,110.52,7.722474,1,ethanol,octane,279.05
4.531,3.976,0.05,5.8486,4.936,0.95,113.62,7.50802,1,propyl acetate,octane,285.55
4.531,3.976,0.05,2.5755,2.588,0.95,43.17,9.027906,1,propyl acetate,ethanol,283.55
7.2286,6.136,0.1,8.5774,7.216,0.9,183.49,2.44,0,methyl octanoate,methyl decanoate,370.6
7.2286,6.136,0.1,9.9262,8.296,0.9,208.73,1.87,0,methyl octanoate,methyl laurate,384.6
7.2286,6.136,0.1,11.275,9.376,0.9,233.98,1.79,0,methyl octanoate,methyl myristate,393.5
7.2286,6.136,0.1,12.6238,10.456,0.9,259.23,1.78,0,methyl octanoate,methyl palmitate,396.9
7.2286,6.136,0.1,13.9726,11.536,0.9,284.48,1.78,0,methyl octanoate,methyl stearate,401.3
7.2286,6.136,0.1,13.7405,11.323,0.9,282.66,1.78,0,methyl octanoate,methyl oleate,400.4
8.5774,7.216,0.1,9.9262,8.296,0.9,211.54,0.19,0,methyl decanoate,methyl laurate,393.7
8.5774,7.216,0.1,11.275,9.376,0.9,236.79,-0.38,0,methyl decanoate,methyl myristate,407.9
8.5774,7.216,0.1,12.6238,10.456,0.9,262.03,-0.46,0,methyl decanoate,methyl palmitate,418.0
8.5774,7.216,0.1,13.9726,11.536,0.9,287.28,-0.47,0,methyl decanoate,methyl stearate,426.9
8.5774,7.216,0.1,13.7405,11.323,0.9,285.47,-0.47,0,methyl decanoate,methyl oleate,418.2
9.9262,8.296,0.1,11.275,9.376,0.9,239.59,-2.08,0,methyl laurate,methyl myristate,415.9
9.9262,8.296,0.1,12.6238,10.456,0.9,264.84,-2.65,0,methyl laurate,methyl palmitate,431.7
9.9262,8.296,0.1,13.9726,11.536,0.9,290.09,-2.73,0,methyl laurate,methyl stearate,438.4
9.9262,8.296,0.1,13.7405,11.323,0.9,288.27,-2.72,0,methyl laurate,methyl oleate,434.2
11.275,9.376,0.1,12.6238,10.456,0.9,267.65,-4.36,0,methyl myristate,methyl palmitate,437.3
11.275,9.376,0.1,13.9726,11.536,0.9,292.89,-4.92,0,methyl myristate,methyl stearate,447.4
11.275,9.376,0.1,13.7405,11.323,0.9,291.08,-4.89,0,methyl myristate,methyl oleate,442.5
12.6238,10.456,0.1,13.9726,11.536,0.9,295.7,-6.66,0,methyl palmitate,methyl stearate,454.4
7.903,6.676,0.1,10.6006,8.836,0.9,222.76,0.87,0,ethyl octanoate,ethyl laurate,390.4
7.903,6.676,0.1,11.9494,9.916,0.9,248.01,0.78,0,ethyl octanoate,ethyl myristate,399.0
7.903,6.676,0.1,13.2982,10.996,0.9,273.26,0.77,0,ethyl octanoate,ethyl palmitate,401.0
7.903,6.676,0.1,14.647,12.076,0.9,298.5,0.77,0,ethyl octanoate,ethyl stearate,407.6
7.903,6.676,0.1,14.4149,11.863,0.9,296.69,0.77,0,ethyl octanoate,ethyl oleate,406.1
7.903,6.676,0.1,14.1828,11.65,0.9,294.88,0.77,0,ethyl octanoate,ethyl linoleate,406.1
9.2518,7.756,0.1,11.9494,9.916,0.9,250.81,-1.39,0,ethyl decanoate,ethyl myristate,412.8
9.2518,7.756,0.1,13.2982,10.996,0.9,276.06,-1.47,0,ethyl decanoate,ethyl palmitate,419.5
9.2518,7.756,0.1,14.647,12.076,0.9,301.31,-1.48,0,ethyl decanoate,ethyl stearate,430.6
9.2518,7.756,0.1,14.4149,11.863,0.9,299.49,-1.48,0,ethyl decanoate,ethyl oleate,426.9
9.2518,7.756,0.1,14.1828,11.65,0.9,297.68,-1.48,0,ethyl decanoate,ethyl linoleate,426.0
10.6006,8.836,0.1,11.9494,9.916,0.9,253.62,-3.1,0,ethyl laurate,ethyl myristate,420.8
10.6006,8.836,0.1,13.2982,10.996,0.9,278.87,-3.66,0,ethyl laurate,ethyl palmitate,433.9
10.6006,8.836,0.1,14.647,12.076,0.9,304.11,-3.74,0,ethyl laurate,ethyl stearate,439.3
10.6006,8.836,0.1,14.4149,11.863,0.9,302.3,-3.74,0,ethyl laurate,ethyl oleate,440.1
10.6006,8.836,0.1,14.1828,11.65,0.9,300.49,-3.73,0,ethyl laurate,ethyl linoleate,441.8
11.9494,9.916,0.1,13.2982,10.996,0.9,281.67,-5.39,0,ethyl myristate,ethyl palmitate,439.9
11.9494,9.916,0.1,14.647,12.076,0.9,301.31,-5.3,0,ethyl myristate,ethyl stearate,447.4
11.9494,9.916,0.1,14.4149,11.863,0.9,305.11,-5.91,0,ethyl myristate,ethyl oleate,448.1
11.9494,9.916,0.1,14.1828,11.65,0.9,303.29,-5.86,0,ethyl myristate,ethyl linoleate,448.5
2.5755,2.588,0.1,5.8486,4.936,0.9,106.81,7.863713,1,ethanol,octane,278.35
4.531,3.976,0.1,5.8486,4.936,0.9,113.02,7.456348,1,methyl butyrate,octane,284.75
4.531,3.976,0.1,2.5755,2.588,0.9,46.27,8.974363,1,methyl butyrate,ethanol,282.85
4.531,3.976,0.1,5.8486,4.936,0.9,113.02,7.455462,1,propyl acetate,octane,284.65
4.531,3.976,0.1,2.5755,2.588,0.9,46.27,8.974169,1,propyl acetate,ethanol,282.95
3.9243,3.668,0.1,7.903,6.676,0.9,162.45,4.79,0,butanol,ethyl octanoate,337.18
3.9243,3.668,0.1,9.2518,7.756,0.9,187.7,4.64,0,butanol,ethyl decanoate,343.32
3.9243,3.668,0.1,10.6006,8.836,0.9,212.95,4.62,0,butanol,ethyl laurate,341.84
3.9243,3.668,0.1,11.9494,9.916,0.9,238.19,4.62,0,butanol,ethyl myristate,346.88
2.5755,2.588,0.18,8.5462,7.096,0.82,146.89,7.37,0,ethanol,dodecane,293.4
7.2286,6.136,0.2,8.5774,7.216,0.8,180.68,2.82,0,methyl octanoate,methyl decanoate,365.6
7.2286,6.136,0.2,9.9262,8.296,0.8,203.12,2.51,0,methyl octanoate,methyl laurate,376.3
7.2286,6.136,0.2,11.275,9.376,0.8,225.57,2.47,0,methyl octanoate,methyl myristate,380.1
7.2286,6.136,0.2,12.6238,10.456,0.8,248.01,2.47,0,methyl octanoate,methyl palmitate,382.6
7.2286,6.136,0.2,13.9726,11.536,0.8,270.45,2.47,0,methyl octanoate,methyl stearate,385.5
7.2286,6.136,0.2,13.7405,11.323,0.8,268.84,2.47,0,methyl octanoate,methyl oleate,383.1
8.5774,7.216,0.2,9.9262,8.296,0.8,208.73,0.57,0,methyl decanoate,methyl laurate,390.7
8.5774,7.216,0.2,11.275,9.376,0.8,231.18,0.26,0,methyl decanoate,methyl myristate,400.3
8.5774,7.216,0.2,12.6238,10.456,0.8,253.62,0.22,0,methyl decanoate,methyl palmitate,405.0
8.5774,7.216,0.2,13.9726,11.536,0.8,276.06,0.22,0,methyl decanoate,methyl stearate,408.6
8.5774,7.216,0.2,13.7405,11.323,0.8,274.45,0.22,0,methyl decanoate,methyl oleate,407.8
9.9262,8.296,0.2,11.275,9.376,0.8,236.79,-1.7,0,methyl laurate,methyl myristate,412.3
9.9262,8.296,0.2,12.6238,10.456,0.8,259.23,-2.0,0,methyl laurate,methyl palmitate,422.9
9.9262,8.296,0.2,13.9726,11.536,0.8,281.67,-2.04,0,methyl laurate,methyl stearate,427.3
9.9262,8.296,0.2,13.7405,11.323,0.8,280.06,-2.04,0,methyl laurate,methyl oleate,425.2
11.275,9.376,0.2,12.6238,10.456,0.8,264.84,-3.98,0,methyl myristate,methyl palmitate,434.9
11.275,9.376,0.2,13.9726,11.536,0.8,287.28,-4.28,0,methyl myristate,methyl stearate,442.4
11.275,9.376,0.2,13.7405,11.323,0.8,285.67,-4.26,0,methyl myristate,methyl oleate,436.8
12.6238,10.456,0.2,13.9726,11.536,0.8,292.89,-6.27,0,methyl palmitate,methyl stearate,449.9
7.903,6.676,0.2,10.6006,8.836,0.8,217.15,1.51,0,ethyl octanoate,ethyl laurate,381.5
7.903,6.676,0.2,11.9494,9.916,0.8,239.59,1.47,0,ethyl octanoate,ethyl myristate,386.3
7.903,6.676,0.2,13.2982,10.996,0.8,262.03,1.47,0,ethyl octanoate,ethyl palmitate,385.0
7.903,6.676,0.2,14.647,12.076,0.8,284.48,1.47,0,ethyl octanoate,ethyl stearate,390.0
7.903,6.676,0.2,14.4149,11.863,0.8,282.86,1.47,0,ethyl octanoate,ethyl oleate,388.8
7.903,6.676,0.2,14.1828,11.65,0.8,281.25,1.47,0,ethyl octanoate,ethyl linoleate,388.8
9.2518,7.756,0.2,11.9494,9.916,0.8,245.2,-0.75,0,ethyl decanoate,ethyl myristate,403.9
9.2518,7.756,0.2,13.2982,10.996,0.8,267.65,-0.79,0,ethyl decanoate,ethyl palmitate,411.7
9.2518,7.756,0.2,14.647,12.076,0.8,290.09,-0.79,0,ethyl decanoate,ethyl stearate,414.3
9.2518,7.756,0.2,14.4149,11.863,0.8,288.48,-0.79,0,ethyl decanoate,ethyl oleate,413.9
9.2518,7.756,0.2,14.1828,11.65,0.8,286.86,-0.79,0,ethyl decanoate,ethyl linoleate,414.0
10.6006,8.836,0.2,11.9494,9.916,0.8,250.81,-2.72,0,ethyl laurate,ethyl myristate,417.8
10.6006,8.836,0.2,13.2982,10.996,0.8,273.26,-3.02,0,ethyl laurate,ethyl palmitate,427.9
10.6006,8.836,0.2,14.647,12.076,0.8,295.7,-3.06,0,ethyl laurate,ethyl stearate,432.1
10.6006,8.836,0.2,14.4149,11.863,0.8,294.09,-3.05,0,ethyl laurate,ethyl oleate,430.8
10.6006,8.836,0.2,14.1828,11.65,0.8,292.47,-3.05,0,ethyl laurate,ethyl linoleate,432.1
11.9494,9.916,0.2,13.2982,10.996,0.8,278.87,-5.0,0,ethyl myristate,ethyl palmitate,437.9
11.9494,9.916,0.2,14.647,12.076,0.8,295.7,-4.91,0,ethyl myristate,ethyl stearate,443.8
11.9494,9.916,0.2,14.4149,11.863,0.8,299.7,-5.28,0,ethyl myristate,ethyl oleate,443.4
11.9494,9.916,0.2,14.1828,11.65,0.8,298.08,-5.26,0,ethyl myristate,ethyl linoleate,444.5
2.5755,2.588,0.2,7.903,6.676,0.8,145.83,7.48,0,ethanol,ethyl octanoate,307.4
8.5462,7.096,0.2,7.903,6.676,0.8,171.88,3.04,0,dodecane,ethyl octanoate,353.5
2.5755,2.588,0.2,9.2518,7.756,0.8,166.67,7.52,0,ethanol,ethyl decanoate,310.0
8.5462,7.096,0.2,9.2518,7.756,0.8,194.32,1.69,0,dodecane,ethyl decanoate,369.6
2.5755,2.588,0.2,10.6006,8.836,0.8,190.71,7.47,0,ethanol,ethyl laurate,300.7
8.5462,7.096,0.2,10.6006,8.836,0.8,216.76,1.34,0,dodecane,ethyl laurate,378.5
2.5755,2.588,0.2,11.9494,9.916,0.8,213.15,7.47,0,ethanol,ethyl myristate,303.7
8.5462,7.096,0.2,11.9494,9.916,0.8,239.21,1.29,0,dodecane,ethyl myristate,384.1
2.5755,2.588,0.2,13.2982,10.996,0.8,235.6,7.47,0,ethanol,ethyl palmitate,320.5
8.5462,7.096,0.2,13.2982,10.996,0.8,239.21,1.29,0,dodecane,ethyl palmitate,384.1
2.5755,2.588,0.2,14.647,12.076,0.8,258.04,7.47,0,ethanol,ethyl stearate,310.8
8.5462,7.096,0.2,14.647,12.076,0.8,284.09,1.28,0,dodecane,ethyl stearate,387.1
2.5755,2.588,0.2,14.4149,11.863,0.8,251.02,7.56,0,ethanol,ethyl oleate,302.7
8.5462,7.096,0.2,14.4149,11.863,0.8,281.08,1.33,0,dodecane,ethyl oleate,376.4
2.5755,2.588,0.2,14.1828,11.65,0.8,254.81,7.47,0,ethanol,ethyl linoleate,321.4
8.5462,7.096,0.2,14.1828,11.65,0.8,279.48,1.33,0,dodecane,ethyl linoleate,386.5
2.5755,2.588,0.2,5.8486,4.936,0.8,99.4,8.097548,1,ethanol,octane,278.35
4.531,3.976,0.2,5.8486,4.936,0.8,111.81,7.34324,1,methyl butyrate,octane,283.35
4.531,3.976,0.2,2.5755,2.588,0.8,52.48,8.857606,1,methyl butyrate,ethanol,280.95
4.531,3.976,0.2,5.8486,4.936,0.8,111.81,7.341254,1,propyl acetate,octane,283.15
4.531,3.976,0.2,2.5755,2.588,0.8,52.48,8.85717,1,propyl acetate,ethanol,280.95
3.9243,3.668,0.2,7.903,6.676,0.8,152.64,5.39,0,butanol,ethyl octanoate,329.23
3.9243,3.668,0.2,9.2518,7.756,0.8,175.08,5.32,0,butanol,ethyl decanoate,330.33
3.9243,3.668,0.2,10.6006,8.836,0.8,197.52,5.31,0,butanol,ethyl laurate,330.08
3.9243,3.668,0.2,11.9494,9.916,0.8,219.96,5.31,0,butanol,ethyl myristate,331.47
3.9243,3.668,0.2,13.2982,10.996,0.8,242.41,5.31,0,butanol,ethyl palmitate,336.0
2.5755,2.588,0.3,5.8486,4.936,0.7,91.98,8.286935,1,ethanol,octane,278.15
4.531,3.976,0.3,5.8486,4.936,0.7,110.6,7.215687,1,methyl butyrate,octane,282.55
4.531,3.976,0.3,2.5755,2.588,0.7,58.69,8.725393,1,methyl butyrate,ethanol,280.25
4.531,3.976,0.3,5.8486,4.936,0.7,110.6,7.212301,1,propyl acetate,octane,282.55
4.531,3.976,0.3,2.5755,2.588,0.7,58.69,8.724646,1,propyl acetate,ethanol,280.25
2.5755,2.588,0.37,8.5462,7.096,0.63,122.14,8.09,0,ethanol,dodecane,290.4
7.2286,6.136,0.4,8.5774,7.216,0.6,175.07,3.31,0,methyl octanoate,methyl decanoate,360.6
7.2286,6.136,0.4,9.9262,8.296,0.6,191.9,3.18,0,methyl octanoate,methyl laurate,364.6
7.2286,6.136,0.4,11.275,9.376,0.6,208.73,3.16,0,methyl octanoate,methyl myristate,366.7
7.2286,6.136,0.4,12.6238,10.456,0.6,225.57,3.16,0,methyl octanoate,methyl palmitate,366.9
7.2286,6.136,0.4,13.9726,11.536,0.6,242.4,3.16,0,methyl octanoate,methyl stearate,367.5
7.2286,6.136,0.4,13.7405,11.323,0.6,241.19,3.16,0,methyl octanoate,methyl oleate,367.8
8.5774,7.216,0.4,9.9262,8.296,0.6,203.12,1.06,0,methyl decanoate,methyl laurate,385.4
8.5774,7.216,0.4,11.275,9.376,0.6,219.95,0.93,0,methyl decanoate,methyl myristate,389.9
8.5774,7.216,0.4,12.6238,10.456,0.6,236.79,0.91,0,methyl decanoate,methyl palmitate,391.4
8.5774,7.216,0.4,13.9726,11.536,0.6,253.62,0.91,0,methyl decanoate,methyl stearate,393.7
8.5774,7.216,0.4,13.7405,11.323,0.6,252.41,0.91,0,methyl decanoate,methyl oleate,392.8
9.9262,8.296,0.4,11.275,9.376,0.6,231.18,-1.21,0,methyl laurate,methyl myristate,407.6
9.9262,8.296,0.4,12.6238,10.456,0.6,248.01,-1.34,0,methyl laurate,methyl palmitate,413.9
9.9262,8.296,0.4,13.9726,11.536,0.6,264.84,-1.35,0,methyl laurate,methyl stearate,415.5
9.9262,8.296,0.4,13.7405,11.323,0.6,263.63,-1.35,0,methyl laurate,methyl oleate,415.2
11.275,9.376,0.4,12.6238,10.456,0.6,259.23,-3.48,0,methyl myristate,methyl palmitate,429.6
11.275,9.376,0.4,13.9726,11.536,0.6,276.06,-3.61,0,methyl myristate,methyl stearate,435.0
11.275,9.376,0.4,13.7405,11.323,0.6,274.85,-3.6,0,methyl myristate,methyl oleate,432.8
12.6238,10.456,0.4,13.9726,11.536,0.6,287.28,-5.77,0,methyl palmitate,methyl stearate,448.3
7.903,6.676,0.4,10.6006,8.836,0.6,205.93,2.17,0,ethyl octanoate,ethyl laurate,371.0
7.903,6.676,0.4,11.9494,9.916,0.6,222.76,2.16,0,ethyl octanoate,ethyl myristate,372.6
7.903,6.676,0.4,13.2982,10.996,0.6,239.59,2.16,0,ethyl octanoate,ethyl palmitate,373.3
7.903,6.676,0.4,14.647,12.076,0.6,256.42,2.16,0,ethyl octanoate,ethyl stearate,374.0
7.903,6.676,0.4,14.4149,11.863,0.6,255.21,2.16,0,ethyl octanoate,ethyl oleate,374.1
7.903,6.676,0.4,14.1828,11.65,0.6,254.01,2.16,0,ethyl octanoate,ethyl linoleate,374.1
9.2518,7.756,0.4,11.9494,9.916,0.6,233.98,-0.08,0,ethyl decanoate,ethyl myristate,395.8
9.2518,7.756,0.4,13.2982,10.996,0.6,250.81,-0.1,0,ethyl decanoate,ethyl palmitate,397.7
9.2518,7.756,0.4,14.647,12.076,0.6,267.65,-0.1,0,ethyl decanoate,ethyl stearate,397.3
9.2518,7.756,0.4,14.4149,11.863,0.6,266.44,-0.1,0,ethyl decanoate,ethyl oleate,398.5
9.2518,7.756,0.4,14.1828,11.65,0.6,265.23,-0.1,0,ethyl decanoate,ethyl linoleate,399.1
10.6006,8.836,0.4,11.9494,9.916,0.6,245.2,-2.22,0,ethyl laurate,ethyl myristate,412.8
10.6006,8.836,0.4,13.2982,10.996,0.6,262.03,-2.35,0,ethyl laurate,ethyl palmitate,418.5
10.6006,8.836,0.4,14.647,12.076,0.6,278.87,-2.37,0,ethyl laurate,ethyl stearate,420.4
10.6006,8.836,0.4,14.4149,11.863,0.6,277.66,-2.36,0,ethyl laurate,ethyl oleate,419.9
10.6006,8.836,0.4,14.1828,11.65,0.6,276.45,-2.36,0,ethyl laurate,ethyl linoleate,420.4
11.9494,9.916,0.4,13.2982,10.996,0.6,273.26,-4.51,0,ethyl myristate,ethyl palmitate,433.2
11.9494,9.916,0.4,14.647,12.076,0.6,290.09,-4.63,0,ethyl myristate,ethyl stearate,438.8
11.9494,9.916,0.4,14.4149,11.863,0.6,288.88,-4.63,0,ethyl myristate,ethyl oleate,437.4
11.9494,9.916,0.4,14.1828,11.65,0.6,287.67,-4.62,0,ethyl myristate,ethyl linoleate,437.9
2.5755,2.588,0.4,7.903,6.676,0.6,119.39,8.17,0,ethanol,ethyl octanoate,298.7
8.5462,7.096,0.4,7.903,6.676,0.6,171.49,3.01,0,dodecane,ethyl octanoate,353.5
2.5755,2.588,0.4,9.2518,7.756,0.6,136.22,8.16,0,ethanol,ethyl decanoate,298.4
8.5462,7.096,0.4,9.2518,7.756,0.6,188.32,2.15,0,dodecane,ethyl decanoate,365.2
2.5755,2.588,0.4,10.6006,8.836,0.6,153.05,8.16,0,ethanol,ethyl laurate,295.4
8.5462,7.096,0.4,10.6006,8.836,0.6,205.16,2.0,0,dodecane,ethyl laurate,366.8
2.5755,2.588,0.4,11.9494,9.916,0.6,169.88,8.16,0,ethanol,ethyl myristate,295.4
8.5462,7.096,0.4,11.9494,9.916,0.6,221.99,1.98,0,dodecane,ethyl myristate,369.8
2.5755,2.588,0.4,13.2982,10.996,0.6,184.27,8.19,0,ethanol,ethyl palmitate,296.5
8.5462,7.096,0.4,13.2982,10.996,0.6,221.99,1.98,0,dodecane,ethyl palmitate,369.8
2.5755,2.588,0.4,14.647,12.076,0.6,203.55,8.16,0,ethanol,ethyl stearate,297.4
8.5462,7.096,0.4,14.647,12.076,0.6,255.65,1.98,0,dodecane,ethyl stearate,372.1
2.5755,2.588,0.4,14.4149,11.863,0.6,202.34,8.16,0,ethanol,ethyl oleate,293.0
8.5462,7.096,0.4,14.4149,11.863,0.6,254.44,1.98,0,dodecane,ethyl oleate,367.8
2.5755,2.588,0.4,14.1828,11.65,0.6,201.13,8.16,0,ethanol,ethyl linoleate,295.4
8.5462,7.096,0.4,14.1828,11.65,0.6,228.36,2.35,0,dodecane,ethyl linoleate,367.1
2.5755,2.588,0.4,5.8486,4.936,0.6,84.56,8.446102,1,ethanol,octane,277.95
4.531,3.976,0.4,5.8486,4.936,0.6,109.39,7.069453,1,methyl butyrate,octane,282.25
4.531,3.976,0.4,2.5755,2.588,0.6,64.89,8.572997,1,methyl butyrate,ethanol,280.05
4.531,3.976,0.4,5.8486,4.936,0.6,109.39,7.064222,1,propyl acetate,octane,282.25
4.531,3.976,0.4,2.5755,2.588,0.6,64.89,8.571836,1,propyl acetate,ethanol,280.05
3.9243,3.668,0.4,7.903,6.676,0.6,133.01,6.04,0,butanol,ethyl octanoate,322.59
3.9243,3.668,0.4,9.2518,7.756,0.6,149.84,6.01,0,butanol,ethyl decanoate,322.33
3.9243,3.668,0.4,10.6006,8.836,0.6,166.67,6.01,0,butanol,ethyl laurate,321.36
3.9243,3.668,0.4,11.9494,9.916,0.6,183.5,6.01,0,butanol,ethyl myristate,322.38
3.9243,3.668,0.4,13.2982,10.996,0.6,200.33,6.01,0,butanol,ethyl palmitate,322.64
2.5755,2.588,0.5,5.8486,4.936,0.5,77.15,8.583379,1,ethanol,octane,277.85
4.531,3.976,0.5,5.8486,4.936,0.5,108.18,6.89811,1,methyl butyrate,octane,281.95
4.531,3.976,0.5,2.5755,2.588,0.5,71.1,8.393127,1,methyl butyrate,ethanol,279.85
4.531,3.976,0.5,5.8486,4.936,0.5,108.18,6.890339,1,propyl acetate,octane,281.95
4.531,3.976,0.5,2.5755,2.588,0.5,71.1,8.39139,1,propyl acetate,ethanol,279.85
2.5755,2.588,0.57,8.5462,7.096,0.43,96.08,8.52,0,ethanol,dodecane,289.4
7.2286,6.136,0.6,8.5774,7.216,0.4,169.46,3.64,0,methyl octanoate,methyl decanoate,354.6
7.2286,6.136,0.6,9.9262,8.296,0.4,180.68,3.57,0,methyl octanoate,methyl laurate,357.6
7.2286,6.136,0.6,11.275,9.376,0.4,191.9,3.57,0,methyl octanoate,methyl myristate,357.7
7.2286,6.136,0.6,12.6238,10.456,0.4,203.12,3.57,0,methyl octanoate,methyl palmitate,358.3
7.2286,6.136,0.6,13.9726,11.536,0.4,214.34,3.57,0,methyl octanoate,methyl stearate,357.3
7.2286,6.136,0.6,13.7405,11.323,0.4,213.54,3.57,0,methyl octanoate,methyl oleate,358.5
8.5774,7.216,0.6,9.9262,8.296,0.4,197.51,1.38,0,methyl decanoate,methyl laurate,380.7
8.5774,7.216,0.6,11.275,9.376,0.4,208.73,1.32,0,methyl decanoate,methyl myristate,383.6
8.5774,7.216,0.6,12.6238,10.456,0.4,219.96,1.32,0,methyl decanoate,methyl palmitate,384.0
8.5774,7.216,0.6,13.9726,11.536,0.4,231.18,1.32,0,methyl decanoate,methyl stearate,384.1
8.5774,7.216,0.6,13.7405,11.323,0.4,230.37,1.32,0,methyl decanoate,methyl oleate,385.4
9.9262,8.296,0.6,11.275,9.376,0.4,225.57,-0.88,0,methyl laurate,methyl myristate,403.3
9.9262,8.296,0.6,12.6238,10.456,0.4,236.79,-0.94,0,methyl laurate,methyl palmitate,406.6
9.9262,8.296,0.6,13.9726,11.536,0.4,248.01,-0.94,0,methyl laurate,methyl stearate,407.1
9.9262,8.296,0.6,13.7405,11.323,0.4,247.2,-0.94,0,methyl laurate,methyl oleate,406.9
11.275,9.376,0.6,12.6238,10.456,0.4,253.62,-3.16,0,methyl myristate,methyl palmitate,425.9
11.275,9.376,0.6,13.9726,11.536,0.4,264.84,-3.21,0,methyl myristate,methyl stearate,429.4
11.275,9.376,0.6,13.7405,11.323,0.4,264.03,-3.21,0,methyl myristate,methyl oleate,426.2
12.6238,10.456,0.6,13.9726,11.536,0.4,281.67,-5.44,0,methyl palmitate,methyl stearate,446.3
7.903,6.676,0.6,10.6006,8.836,0.4,194.71,2.57,0,ethyl octanoate,ethyl laurate,364.0
7.903,6.676,0.6,11.9494,9.916,0.4,205.93,2.56,0,ethyl octanoate,ethyl myristate,365.0
7.903,6.676,0.6,13.2982,10.996,0.4,217.15,2.56,0,ethyl octanoate,ethyl palmitate,365.6
7.903,6.676,0.6,14.647,12.076,0.4,228.37,2.56,0,ethyl octanoate,ethyl stearate,366.0
7.903,6.676,0.6,14.4149,11.863,0.4,227.56,2.56,0,ethyl octanoate,ethyl oleate,364.8
7.903,6.676,0.6,14.1828,11.65,0.4,226.76,2.56,0,ethyl octanoate,ethyl linoleate,364.8
9.2518,7.756,0.6,11.9494,9.916,0.4,222.76,0.31,0,ethyl decanoate,ethyl myristate,388.7
9.2518,7.756,0.6,13.2982,10.996,0.4,233.98,0.31,0,ethyl decanoate,ethyl palmitate,390.7
9.2518,7.756,0.6,14.647,12.076,0.4,245.2,0.31,0,ethyl decanoate,ethyl stearate,391.1
9.2518,7.756,0.6,14.4149,11.863,0.4,244.4,0.31,0,ethyl decanoate,ethyl oleate,390.2
9.2518,7.756,0.6,14.1828,11.65,0.4,243.59,0.31,0,ethyl decanoate,ethyl linoleate,390.8
10.6006,8.836,0.6,11.9494,9.916,0.4,239.59,-1.9,0,ethyl laurate,ethyl myristate,409.1
10.6006,8.836,0.6,13.2982,10.996,0.4,250.81,-1.95,0,ethyl laurate,ethyl palmitate,412.9
10.6006,8.836,0.6,14.647,12.076,0.4,262.03,-1.96,0,ethyl laurate,ethyl stearate,413.8
10.6006,8.836,0.6,14.4149,11.863,0.4,261.23,-1.96,0,ethyl laurate,ethyl oleate,412.5
10.6006,8.836,0.6,14.1828,11.65,0.4,260.42,-1.96,0,ethyl laurate,ethyl linoleate,412.7
11.9494,9.916,0.6,13.2982,10.996,0.4,267.65,-4.18,0,ethyl myristate,ethyl palmitate,429.9
11.9494,9.916,0.6,14.647,12.076,0.4,278.87,-4.24,0,ethyl myristate,ethyl stearate,430.9
11.9494,9.916,0.6,14.4149,11.863,0.4,278.06,-4.23,0,ethyl myristate,ethyl oleate,430.8
11.9494,9.916,0.6,14.1828,11.65,0.4,277.25,-4.23,0,ethyl myristate,ethyl linoleate,431.8
2.5755,2.588,0.6,7.903,6.676,0.4,92.95,8.57,0,ethanol,ethyl octanoate,295.7
8.5462,7.096,0.6,7.903,6.676,0.4,171.11,2.97,0,dodecane,ethyl octanoate,352.1
2.5755,2.588,0.6,9.2518,7.756,0.4,104.17,8.57,0,ethanol,ethyl decanoate,294.7
8.5462,7.096,0.6,9.2518,7.756,0.4,182.33,2.46,0,dodecane,ethyl decanoate,360.4
2.5755,2.588,0.6,10.6006,8.836,0.4,115.39,8.57,0,ethanol,ethyl laurate,292.4
8.5462,7.096,0.6,10.6006,8.836,0.4,193.55,2.39,0,dodecane,ethyl laurate,362.1
2.5755,2.588,0.6,11.9494,9.916,0.4,126.61,8.57,0,ethanol,ethyl myristate,292.4
8.5462,7.096,0.6,11.9494,9.916,0.4,204.77,2.38,0,dodecane,ethyl myristate,363.5
2.5755,2.588,0.6,13.2982,10.996,0.4,137.83,8.57,0,ethanol,ethyl palmitate,294.5
8.5462,7.096,0.6,13.2982,10.996,0.4,204.77,2.38,0,dodecane,ethyl palmitate,363.5
2.5755,2.588,0.6,14.647,12.076,0.4,149.05,8.57,0,ethanol,ethyl stearate,296.7
8.5462,7.096,0.6,14.647,12.076,0.4,227.21,2.38,0,dodecane,ethyl stearate,362.8
2.5755,2.588,0.6,14.4149,11.863,0.4,148.25,8.57,0,ethanol,ethyl oleate,292.3
8.5462,7.096,0.6,14.4149,11.863,0.4,226.41,2.38,0,dodecane,ethyl oleate,358.4
2.5755,2.588,0.6,14.1828,11.65,0.4,144.76,8.58,0,ethanol,ethyl linoleate,292.4
8.5462,7.096,0.6,14.1828,11.65,0.4,225.6,2.38,0,dodecane,ethyl linoleate,363.1
2.5755,2.588,0.6,5.8486,4.936,0.4,69.73,8.704065,1,ethanol,octane,277.95
4.531,3.976,0.6,5.8486,4.936,0.4,106.97,6.691212,1,methyl butyrate,octane,281.85
4.531,3.976,0.6,2.5755,2.588,0.4,77.31,8.173649,1,methyl butyrate,ethanol,279.85
4.531,3.976,0.6,5.8486,4.936,0.4,106.97,6.679722,1,propyl acetate,octane,281.85
4.531,3.976,0.6,2.5755,2.588,0.4,77.306,8.171052,1,propyl acetate,ethanol,279.85
3.9243,3.668,0.6,7.903,6.676,0.4,113.38,6.43,0,butanol,ethyl octanoate,318.23
3.9243,3.668,0.6,9.2518,7.756,0.4,124.6,6.41,0,butanol,ethyl decanoate,319.67
3.9243,3.668,0.6,10.6006,8.836,0.4,135.82,6.41,0,butanol,ethyl laurate,318.62
3.9243,3.668,0.6,11.9494,9.916,0.4,147.04,6.41,0,butanol,ethyl myristate,319.0
3.9243,3.668,0.6,13.2982,10.996,0.4,158.26,6.41,0,butanol,ethyl palmitate,319.28
2.5755,2.588,0.7,5.8486,4.936,0.3,62.32,8.811743,1,ethanol,octane,277.95
4.531,3.976,0.7,5.8486,4.936,0.3,105.76,6.430032,1,methyl butyrate,octane,281.85
4.531,3.976,0.7,2.5755,2.588,0.3,83.51,7.892047,1,methyl butyrate,ethanol,280.15
4.531,3.976,0.7,5.8486,4.936,0.3,105.76,6.412575,1,propyl acetate,octane,281.85
4.531,3.976,0.7,2.5755,2.588,0.3,83.512,7.888028,1,propyl acetate,ethanol,280.15
2.5755,2.588,0.78,8.5462,7.096,0.22,68.73,8.83,0,ethanol,dodecane,289.4
7.2286,6.136,0.8,8.5774,7.216,0.2,163.85,3.88,0,methyl octanoate,methyl decanoate,351.3
7.2286,6.136,0.8,9.9262,8.296,0.2,169.46,3.86,0,methyl octanoate,methyl laurate,351.9
7.2286,6.136,0.8,11.275,9.376,0.2,175.07,3.86,0,methyl octanoate,methyl myristate,352.7
7.2286,6.136,0.8,12.6238,10.456,0.2,180.68,3.86,0,methyl octanoate,methyl palmitate,352.6
7.2286,6.136,0.8,13.9726,11.536,0.2,186.29,3.86,0,methyl octanoate,methyl stearate,352.0
7.2286,6.136,0.8,13.7405,11.323,0.2,185.89,3.86,0,methyl octanoate,methyl oleate,353.5
8.5774,7.216,0.8,9.9262,8.296,0.2,191.9,1.63,0,methyl decanoate,methyl laurate,377.4
8.5774,7.216,0.8,11.275,9.376,0.2,197.51,1.61,0,methyl decanoate,methyl myristate,377.6
8.5774,7.216,0.8,12.6238,10.456,0.2,203.12,1.61,0,methyl decanoate,methyl palmitate,379.3
8.5774,7.216,0.8,13.9726,11.536,0.2,208.73,1.6,0,methyl decanoate,methyl stearate,378.1
8.5774,7.216,0.8,13.7405,11.323,0.2,208.33,1.6,0,methyl decanoate,methyl oleate,379.1
9.9262,8.296,0.8,11.275,9.376,0.2,219.95,-0.63,0,methyl laurate,methyl myristate,400.6
9.9262,8.296,0.8,12.6238,10.456,0.2,225.57,-0.66,0,methyl laurate,methyl palmitate,402.3
9.9262,8.296,0.8,13.9726,11.536,0.2,231.18,-0.66,0,methyl laurate,methyl stearate,402.8
9.9262,8.296,0.8,13.7405,11.323,0.2,230.77,-0.66,0,methyl laurate,methyl oleate,401.9
11.275,9.376,0.8,12.6238,10.456,0.2,248.01,-2.91,0,methyl myristate,methyl palmitate,422.3
11.275,9.376,0.8,13.9726,11.536,0.2,253.62,-2.93,0,methyl myristate,methyl stearate,423.4
11.275,9.376,0.8,13.7405,11.323,0.2,253.22,-2.93,0,methyl myristate,methyl oleate,423.2
12.6238,10.456,0.8,13.9726,11.536,0.2,276.06,-5.2,0,methyl palmitate,methyl stearate,443.3
7.903,6.676,0.8,10.6006,8.836,0.2,183.49,2.85,0,ethyl octanoate,ethyl laurate,359.0
7.903,6.676,0.8,11.9494,9.916,0.2,189.1,2.85,0,ethyl octanoate,ethyl myristate,359.3
7.903,6.676,0.8,13.2982,10.996,0.2,194.71,2.85,0,ethyl octanoate,ethyl palmitate,359.0
7.903,6.676,0.8,14.647,12.076,0.2,200.32,2.85,0,ethyl octanoate,ethyl stearate,360.0
7.903,6.676,0.8,14.4149,11.863,0.2,199.91,2.85,0,ethyl octanoate,ethyl oleate,359.8
7.903,6.676,0.8,14.1828,11.65,0.2,199.51,2.85,0,ethyl octanoate,ethyl linoleate,359.8
9.2518,7.756,0.8,11.9494,9.916,0.2,211.54,0.6,0,ethyl decanoate,ethyl myristate,384.9
9.2518,7.756,0.8,13.2982,10.996,0.2,217.15,0.6,0,ethyl decanoate,ethyl palmitate,385.8
9.2518,7.756,0.8,14.647,12.076,0.2,222.76,0.6,0,ethyl decanoate,ethyl stearate,385.0
9.2518,7.756,0.8,14.4149,11.863,0.2,222.36,0.6,0,ethyl decanoate,ethyl oleate,384.8
9.2518,7.756,0.8,14.1828,11.65,0.2,221.95,0.6,0,ethyl decanoate,ethyl linoleate,384.4
10.6006,8.836,0.8,11.9494,9.916,0.2,233.98,-1.65,0,ethyl laurate,ethyl myristate,405.9
10.6006,8.836,0.8,13.2982,10.996,0.2,239.59,-1.67,0,ethyl laurate,ethyl palmitate,407.9
10.6006,8.836,0.8,14.647,12.076,0.2,245.2,-1.67,0,ethyl laurate,ethyl stearate,408.3
10.6006,8.836,0.8,14.4149,11.863,0.2,244.8,-1.67,0,ethyl laurate,ethyl oleate,407.2
10.6006,8.836,0.8,14.1828,11.65,0.2,244.4,-1.67,0,ethyl laurate,ethyl linoleate,407.7
11.9494,9.916,0.8,13.2982,10.996,0.2,262.03,-3.93,0,ethyl myristate,ethyl palmitate,426.5
11.9494,9.916,0.8,14.647,12.076,0.2,267.65,-3.95,0,ethyl myristate,ethyl stearate,427.5
11.9494,9.916,0.8,14.4149,11.863,0.2,267.24,-3.95,0,ethyl myristate,ethyl oleate,426.1
11.9494,9.916,0.8,14.1828,11.65,0.2,266.84,-3.95,0,ethyl myristate,ethyl linoleate,427.8
2.5755,2.588,0.8,7.903,6.676,0.2,66.51,8.86,0,ethanol,ethyl octanoate,292.8
8.5462,7.096,0.8,7.903,6.676,0.2,170.72,2.93,0,dodecane,ethyl octanoate,353.5
2.5755,2.588,0.8,9.2518,7.756,0.2,72.12,8.86,0,ethanol,ethyl decanoate,292.7
8.5462,7.096,0.8,9.2518,7.756,0.2,176.33,2.7,0,dodecane,ethyl decanoate,356.8
2.5755,2.588,0.8,10.6006,8.836,0.2,77.73,8.86,0,ethanol,ethyl laurate,292.7
8.5462,7.096,0.8,10.6006,8.836,0.2,181.94,2.67,0,dodecane,ethyl laurate,357.5
2.5755,2.588,0.8,11.9494,9.916,0.2,83.34,8.86,0,ethanol,ethyl myristate,292.4
8.5462,7.096,0.8,11.9494,9.916,0.2,187.55,2.67,0,dodecane,ethyl myristate,357.5
2.5755,2.588,0.8,13.2982,10.996,0.2,88.95,8.86,0,ethanol,ethyl palmitate,292.4
8.5462,7.096,0.8,13.2982,10.996,0.2,187.55,2.67,0,dodecane,ethyl palmitate,357.5
2.5755,2.588,0.8,14.647,12.076,0.2,94.56,8.86,0,ethanol,ethyl stearate,293.4
8.5462,7.096,0.8,14.647,12.076,0.2,198.77,2.67,0,dodecane,ethyl stearate,357.5
2.5755,2.588,0.8,14.4149,11.863,0.2,94.16,8.86,0,ethanol,ethyl oleate,292.0
8.5462,7.096,0.8,14.4149,11.863,0.2,198.37,2.67,0,dodecane,ethyl oleate,355.4
2.5755,2.588,0.8,14.1828,11.65,0.2,93.75,8.86,0,ethanol,ethyl linoleate,292.4
8.5462,7.096,0.8,14.1828,11.65,0.2,197.97,2.67,0,dodecane,ethyl linoleate,357.5
2.5755,2.588,0.8,5.8486,4.936,0.2,54.9,8.908944,1,ethanol,octane,277.95
4.531,3.976,0.8,5.8486,4.936,0.2,104.55,6.075553,1,methyl butyrate,octane,282.25
4.531,3.976,0.8,2.5755,2.588,0.2,89.72,7.498633,1,methyl butyrate,ethanol,282.25
4.531,3.976,0.8,5.8486,4.936,0.2,104.55,6.046956,1,propyl acetate,octane,282.25
4.531,3.976,0.8,2.5755,2.588,0.2,89.718,7.491816,1,propyl acetate,ethanol,282.25
3.9243,3.668,0.8,7.903,6.676,0.2,93.75,6.7,0,butanol,ethyl octanoate,316.23
3.9243,3.668,0.8,9.2518,7.756,0.2,99.36,6.7,0,butanol,ethyl decanoate,316.62
3.9243,3.668,0.8,10.6006,8.836,0.2,104.97,6.7,0,butanol,ethyl laurate,314.95
3.9243,3.668,0.8,11.9494,9.916,0.2,110.58,6.7,0,butanol,ethyl myristate,316.33
3.9243,3.668,0.8,13.2982,10.996,0.2,116.19,6.7,0,butanol,ethyl palmitate,315.92
2.5755,2.588,0.9,5.8486,4.936,0.1,47.48,8.997529,1,ethanol,octane,278.75
4.531,3.976,0.9,5.8486,4.936,0.1,103.34,5.521407,1,methyl butyrate,octane,282.65
4.531,3.976,0.9,2.5755,2.588,0.1,95.92,6.84079,1,methyl butyrate,ethanol,282.15
4.531,3.976,0.9,5.8486,4.936,0.1,103.34,5.464624,1,propyl acetate,octane,282.65
4.531,3.976,0.9,2.5755,2.588,0.1,95.925,6.825925,1,propyl acetate,ethanol,282.15
2.5755,2.588,0.95,5.8486,4.936,0.05,43.78,9.039043,1,ethanol,octane,280.65
2.5755,2.588,0.97,5.8486,4.936,0.03,42.29,9.055178,1,ethanol,octane,282.25
2.5755,2.588,0.98,5.8486,4.936,0.02,41.55,9.063148,1,ethanol,octane,282.65
2.5755,2.588,0.99,5.8486,4.936,0.01,40.81,9.071056,1,ethanol,octane,284.85
8.5774,7.216,1.0,0.0,0.0,0.0,186.29,1.83,0,methyl decanoate,,374.7
7.2286,6.136,1.0,0.0,0.0,0.0,158.24,4.08,0,methyl octanoate,,348.6
9.9262,8.296,1.0,0.0,0.0,0.0,214.34,-0.43,0,methyl laurate,,398.4
11.275,9.376,1.0,0.0,0.0,0.0,242.4,-2.71,0,methyl myristate,,419.7
12.6238,10.456,1.0,0.0,0.0,0.0,270.45,-5.0,0,methyl palmitate,,440.3
13.9726,11.536,1.0,0.0,0.0,0.0,298.5,-7.3,0,methyl stearate,,455.5
13.7405,11.323,1.0,0.0,0.0,0.0,296.49,-6.92,0,methyl oleate,,445.8
7.903,6.676,1.0,0.0,0.0,0.0,172.26,3.07,0,ethyl octanoate,,354.0
11.9494,9.916,1.0,0.0,0.0,0.0,256.42,-3.73,0,ethyl myristate,,423.6
13.2982,10.996,1.0,0.0,0.0,0.0,284.48,-6.03,0,ethyl palmitate,,443.2
14.647,12.076,1.0,0.0,0.0,0.0,312.53,-8.33,0,ethyl stearate,,458.3
14.4149,11.863,1.0,0.0,0.0,0.0,310.51,-7.96,0,ethyl oleate,,453.1
14.1828,11.65,1.0,0.0,0.0,0.0,308.5,-7.58,0,ethyl linoleate,,453.1
9.2518,7.756,1.0,0.0,0.0,0.0,200.32,0.82,0,ethyl decanoate,,379.5
2.5755,2.588,1.0,0.0,0.0,0.0,40.07,9.08,0,ethanol,,288.5
8.5462,7.096,1.0,0.0,0.0,0.0,170.33,2.89,0,dodecane,,354.4
5.8486,4.936,1.0,0.0,0.0,0.0,114.23,7.557953,1,octane,,287.65
2.5755,2.588,1.0,0.0,0.0,0.0,40.07,9.078902,1,ethanol,,286.15
4.531,3.976,1.0,0.0,0.0,0.0,102.13,4.172583,1,methyl butyrate,,284.55
4.531,3.976,1.0,0.0,0.0,0.0,102.13,3.902982,1,propyl acetate,,284.55
3.9243,3.668,1.0,0.0,0.0,0.0,74.12,6.92,0,butanol,,314.0
